<?xml version="1.0" encoding="UTF-8"?><!--HTTP server plugin config file for ping-server generated on 2019.04.01 at 14:58:32 MSK-->
<Config ASDisableNagle="false" AcceptAllContent="false" AppServerPortPreference="HostHeader" ChunkedResponse="false" FIPSEnable="false" IISDisableNagle="false" IISPluginPriority="High" IgnoreDNSFailures="false" RefreshInterval="60" ResponseChunkSize="64" SSLConsolidate="false" TrustedProxyEnable="false" VHostMatchingCompat="false">
   <Log LogLevel="Error" Name="/opt/IBM/WebSphere/Plugins/logs/webserver1/http_plugin.log"/>
   <Property Name="ESIEnable" Value="true"/>
   <Property Name="ESIMaxCacheSize" Value="1024"/>
   <Property Name="ESIInvalidationMonitor" Value="false"/>
   <Property Name="ESIEnableToPassCookies" Value="false"/>
   <Property Name="PluginInstallRoot" Value="/opt/IBM/WebSphere/Plugins"/>
<!-- Configuration generated using httpEndpointRef=defaultHttpEndpoint-->
<!-- The default_host contained only aliases for endpoint defaultHttpEndpoint.
	 The generated VirtualHostGroup will contain only configured web server ports:
		webserverPort=80
		webserverSecurePort=443 -->
   <VirtualHostGroup Name="default_host">
      <VirtualHost Name="*:80"/>
      <VirtualHost Name="*:443"/>
   </VirtualHostGroup>
   <ServerCluster CloneSeparatorChange="false" GetDWLMTable="false" IgnoreAffinityRequests="true" LoadBalance="Round Robin" Name="ping-server_default_node_Cluster" PostBufferSize="0" PostSizeLimit="-1" RemoveSpecialHeaders="true" RetryInterval="60" ServerIOTimeoutRetry="-1">
      <Server CloneID="2a1dbd46-a437-43d7-9900-f3607d23b311" ConnectTimeout="5" ExtendedHandshake="false" LoadBalanceWeight="20" MaxConnections="-1" Name="default_node_ping-server" ServerIOTimeout="900" WaitForContinue="false">
         <Transport Hostname="icon-9-164-180-20.megacenter.de.ibm.com" Port="9081" Protocol="http"/>
         <Transport Hostname="icon-9-164-180-20.megacenter.de.ibm.com" Port="9444" Protocol="https">
            <Property Name="keyring" Value="/opt/IBM/WebSphere/Plugins/config/webserver1/plugin-key.kdb"/>
            <Property Name="stashfile" Value="/opt/IBM/WebSphere/Plugins/config/webserver1/plugin-key.sth"/>
         </Transport>
      </Server>
      <PrimaryServers>
         <Server Name="default_node_ping-server"/>
      </PrimaryServers>
   </ServerCluster>
   <UriGroup Name="default_host_ping-server_default_node_Cluster_URIs">
      <Uri AffinityCookie="JSESSIONID" AffinityURLIdentifier="jsessionid" Name="/health/*"/>
      <Uri AffinityCookie="JSESSIONID" AffinityURLIdentifier="jsessionid" Name="/api/*"/>
   </UriGroup>
   <Route ServerCluster="ping-server_default_node_Cluster" UriGroup="default_host_ping-server_default_node_Cluster_URIs" VirtualHostGroup="default_host"/>
</Config>
