<server description="Sample Liberty server">

    
    <featureManager>
    	<feature>jaxrs-2.1</feature>
   	 	<feature>cdi-2.0</feature>
    	<feature>mpHealth-1.0</feature>
        <feature>localConnector-1.0</feature>
    </featureManager>

    <httpEndpoint host="*" httpPort="9080" httpsPort="9443" id="defaultHttpEndpoint"/>

    <applicationManager autoExpand="true"/>

    <applicationMonitor updateTrigger="mbean"/>

    <webApplication contextRoot="api" id="name" location="name.war" name="name"/>
</server>