<server description="Sample Liberty server">

    
    <featureManager>
    	<feature>jaxrs-2.1</feature>
   	 	<feature>cdi-2.0</feature>
    	<feature>mpRestClient-1.0</feature>
    	<feature>mpConfig-1.2</feature>
    	<feature>mpHealth-1.0</feature>
        <feature>localConnector-1.0</feature>
    </featureManager>

    <httpEndpoint host="*" httpPort="9081" httpsPort="9444" id="defaultHttpEndpoint"/>

    <applicationManager autoExpand="true"/>

    <applicationMonitor updateTrigger="mbean"/>

    <webApplication contextRoot="api" id="Ping" location="Ping.war" name="Ping"/>
</server>